[
    {
        "id": 0,
        "title": "Tester",
        "desc": "Im testing this",
        "dateCreated": "20181127",
        "dateModified": "20181129",
        "status": "1"
    },
    {
        "id": 1,
        "title": "getC",
        "desc": "ttthyy",
        "dateCreated": "20181127",
        "dateModified": "20181130",
        "status": "2"
    },
    {
        "id": 2,
        "title": "rrreee",
        "desc": "eeee",
        "dateCreated": "20181127",
        "dateModified": "20181130",
        "status": "2"
    },
    {
        "id": 3,
        "title": "1234",
        "desc": "5678",
        "dateCreated": "20181128",
        "dateModified": "20181129",
        "status": "2"
    },
    {
        "id": 4,
        "title": "hahaha",
        "desc": "hahaha",
        "dateCreated": "20181128",
        "dateModified": "20181130",
        "status": "4"
    },
    {
        "id": 5,
        "title": "I love PHP",
        "desc": "Haha, no..",
        "dateCreated": "20181129",
        "dateModified": "20181130",
        "status": "1"
    },
    {
        "id": 6,
        "title": "myTitle",
        "desc": "theDescription",
        "dateCreated": "20181129",
        "dateModified": "20181129",
        "status": "1"
    },
    {
        "id": 7,
        "title": "myTitle2",
        "desc": "theDescription; electric boogaloo",
        "dateCreated": "20181129",
        "dateModified": "20181129",
        "status": "1"
    },
    {
        "id": 8,
        "title": "Bla",
        "desc": "Blaaa :)",
        "dateCreated": "20181130",
        "dateModified": "20181130",
        "status": 1
    }
]